/*
SQLyog Ultimate v10.00 Beta1
MySQL - 5.1.36-community : Database - walking_db
*********************************************************************
*/

/*!40101 SET NAMES utf8 */;

/*!40101 SET SQL_MODE=''*/;

/*!40014 SET @OLD_UNIQUE_CHECKS=@@UNIQUE_CHECKS, UNIQUE_CHECKS=0 */;
/*!40014 SET @OLD_FOREIGN_KEY_CHECKS=@@FOREIGN_KEY_CHECKS, FOREIGN_KEY_CHECKS=0 */;
/*!40101 SET @OLD_SQL_MODE=@@SQL_MODE, SQL_MODE='NO_AUTO_VALUE_ON_ZERO' */;
/*!40111 SET @OLD_SQL_NOTES=@@SQL_NOTES, SQL_NOTES=0 */;
CREATE DATABASE /*!32312 IF NOT EXISTS*/`walking_db` /*!40100 DEFAULT CHARACTER SET latin1 */;

USE `walking_db`;

/*Table structure for table `company_details` */

DROP TABLE IF EXISTS `company_details`;

CREATE TABLE `company_details` (
  `id` bigint(20) NOT NULL AUTO_INCREMENT,
  `city` varchar(255) DEFAULT NULL,
  `company_address` varchar(255) DEFAULT NULL,
  `company_name` varchar(255) DEFAULT NULL,
  `country` varchar(255) DEFAULT NULL,
  `state` varchar(255) DEFAULT NULL,
  `walkingdetails_id` bigint(20) NOT NULL,
  PRIMARY KEY (`id`),
  KEY `FKm4ydr8ygvmhynvq47o84yrkyu` (`walkingdetails_id`),
  CONSTRAINT `FKm4ydr8ygvmhynvq47o84yrkyu` FOREIGN KEY (`walkingdetails_id`) REFERENCES `walking_details` (`id`)
) ENGINE=InnoDB AUTO_INCREMENT=93 DEFAULT CHARSET=latin1;

/*Data for the table `company_details` */

insert  into `company_details`(`id`,`city`,`company_address`,`company_name`,`country`,`state`,`walkingdetails_id`) values (1,'BANGALORE','6TH BLOCK 100 FEET ROAD NEAR SONY WORLD SIGNAL JUNCTION,OPP TO RIYA KODALI SHOWROOM, KORMANGALA','Ionidea Enterprise Solutions Private Limited ','India','KA',1),(2,'MANGALORE','#32/A,1st Floor,9th Main','Hinduja global Solutions -','India','SA',2),(3,'KOLKATTA','Brickwork India Pvt. Ltd., 3rd Floor, Raj Alkaa Park, 29/3, & 32/2,','Brickwork India Pvt Ltd.','India','TN',1),(4,'DELHI','Marks & Spencer, Kormangla, Opposite Oasis Centre, Inner Ring Road, Bangalore','CERNOBIA TECHNOLOGIES - ','India','KA',1),(6,'BANGALORE','No. 264/75, 36th Cross, 2nd Main','CADEM Technologies Pvt. Ltd.','India','KA',3),(7,'Bangalore','Dharwad Bye Pass (Next to Airtech)','Crane-Bel International Pvt. Ltd.','India','TN',3),(8,'DELHI','Kanta Vikas Gruh Road','Pinnacle Engineering Enterprise','India','TN',5),(9,'Bangalore','Pune Satara Road','PMT Machines Ltd.','INDIA','KA',5),(12,'Bangalore','Bommasandra Industrial Estate','Pragati Automation Pvt Ltd','INDIA','KA',7),(13,'MANGALORE','2816 Jammu Colony, St No 1','Premier Ltd','INDIA','KA',7),(14,'MANGALORE','201, Karma Stambh','Nugen Machineries Ltd','INDIA','KA',9),(15,'MANGALORE','Raheja Palmspring Centre','Nagel Special Machines Pvt. Ltd','INDIA','KA',9),(16,'MANGALORE','New Link Road, Malad (W)','Miven Mayfran Conveyors Pvt. Ltd.','INDIA','KA',31),(17,'Bangalore','G. T. Road, Suranussi','Mistry Laxman Kadva Machines (P) Ltd.','INDIA','KA',55),(18,'Bangalore','G-506 Lodhika GIDC','Micromatic Grinding Technologies Ltd','INDIA','KA',12),(19,'KOLKATTA','Kalawad Road, P.O. Khirasara','Mercury Pneumatics Pvt. Ltd.','INDIA','KA',26),(20,'Bangalore','10/2 Bhaktinagar Station Plot','Liebherr Machine Tools India Pvt Ltd','INDIA','KA',24),(21,'Bangalore','8 / 9th Mile, Tumkur Road','Krystal Elmec','INDIA','TN',24),(22,'Bangalore','Hinjawadi MIDC, Phase 2, At Post - Maan','Klad On Design Pvt. Ltd','INDIA','TN',25),(23,'Bangalore','Plot No. 8A, Raisoni Industrial Park','Kirpekar Engineering Pvt. Ltd','INDIA','TN',11),(24,'KOLKATTA','No. 5 & 6, Survey No - 38/2','Khushbu Engineers','INDIA','TN',11),(25,'Bangalore','Nadakerappa Industrial Estate','Kennametal India Ltd.','INDIA','TN',11),(26,'Bangalore','353-354 9th Cross, 4th Main','Kawa Press Systems Pvt Ltd','INDIA','TN',11),(27,'Bangalore','IV Phase, Peenya Industrial Area','Jash Precision Tools Ltd','INDIA','TN',5),(28,'Bangalore','B-29, EEIE, Stage-II,','ITL Industries Ltd.','INDIA','TN',5),(29,'Bangalore','D-134, Ansa Indl. Estate','HMT Machine Tools Ltd.','INDIA','MP',5),(30,'Bangalore','Saki Vihar Road, Sakinaka','Hindustan Hydraulics Pvt. Ltd.','INDIA','MP',5),(31,'KOLKATTA','C-27, 28, Industrial Area,','Harve Machinentecniq Pvt. Ltd.','INDIA','MP',15),(32,'KOLKATTA','Sri Sri Gaushala Compound','Gujarat Lathe Manufacturing Co. Pvt. Ltd','INDIA','MP',15),(33,'KOLKATTA','Jintan Udhyognagar,','Gedee Weiler Pvt. Ltd.','INDIA','MP',15),(34,'KOLKATTA','26C/27A, 2nd Phase, Peenya Industrial Area','Gahir Industries (Regd.)','INDIA','MP',20),(35,'KOLKATTA','17, Changodar Industrial Estate','G. W. Precision Tools India Pvt Ltd','INDIA','MP',20),(36,'KOLKATTA','Sarkhej-Bawla Highway, Changodar','Electropneumatics & Hydraulics (I) Pvt. Ltd.','INDIA','MP',20),(37,'Bangalore','Taluka Sanand, Changodar','Electronica Machine Tools Ltd.','INDIA','MP',20),(38,'Bangalore','32/34, Jintan Udyognagar,','Divine Machines Pvt. Ltd.','INDIA','MP',32),(39,'Bangalore','Behind Gas Godown','Dahanukar Machine Tools','INDIA','MP',32),(40,'BHOPAL','A & A Products','9B, I-Sector Industrial Area,','INDIA','AP',55),(41,'BHOPAL','A H Enterprises','Plot No. 143 B, H-Sector Industrial Area','INDIA','AP',59),(42,'BHOPAL','A I Automation Pvt. Ltd.','Shed No. D/10, Sector-I, Industrial Area,','INDIA','AP',57),(43,'BHOPAL','A K Traders','10/C, Sector-F, Industrial Area','INDIA','AP',57),(44,'BHOPAL','A M Engineering Works','Plot No.21, Sector-A, Industrial Area,','INDIA','AP',58),(45,'BHOPAL','A S Engineering & Fabricators','B-14, Spl Sector-I, Industrial Area,','INDIA','AZ',59),(46,'BHOPAL','A S Enterprises','4, Sector-H, Industrial Area,','INDIA','AZ',60),(47,'BHOPAL','Aashish Enterprises','Shed No.11-A, Spl, Industrial Area,','INDIA','AZ',61),(48,'GWALIOR','Abbottsons Industries','Plot No.-150, Sector-New-H,','INDIA','AR',61),(49,'GWALIOR','B C Technomation Pvt. Ltd.','Industrial Area, Govindpura,','INDIA','AR',64),(50,'GWALIOR','Techno Engineering Constructions India Private Limited','Bukharia Building No 4, Moores Street, Moores Street, Chennai, Tamil Nadu 600006, India','INDIA','AR',65),(51,'GWALIOR','East Coast Construction & Industries Ltd\r\n','69, Ist Avenue, Indira Nagar, Adayar, Chennai-600020, India','INDIA','AZ',65),(52,'GWALIOR','Menangudy Builders','9th & 10th Floor, No-47,49, VBC Solitaire, Bazulla Rd, Parthasarathy Puram, T Nagar, ','INDIA','AL',64),(53,'CHENNAI','Lancor Holdings Ltd','No. 78, 3rd Floor, V B C Bldg, GN Chetty Rd, T Nagar, Madras','INDIA','AL',66),(54,'CHENNAI','GVR Infra Projects Ltd','TC-1 Building, L&T Campus 22, Mount Poonamallee Road Manapakkam','INDIA','AL',67),(55,'CHENNAI','Doshi Housing Pvt Ltd','6/30,Abdul Azeez St T-Nagar,Near Barkit Road,','INDIA','AK',70),(56,'CHENNAI','Larsen & Toubro (L&T)','Mth Road, Chennai-600053, India','INDIA','CO',71),(57,'CHENNAI','V N V Housing And Infrastructure Pvt Ltd','Tpl House,Ground Floor,No 3,Cenotaph Road,Teynampet, Chennai-600018, India','INDIA','CO',72),(58,'CHENNAI','Vgo Housing Private Limited','113/57, Kutchery Road, Vinayaka Nagar, Mylapore, Next To United Bank Building, Chennai-600004, India','INDIA','CO',73),(59,'CHENNAI','Unitech Limited',',Dharmaraja Koil Street,Saidapet, Chennai-600015','INDIA','CO',74),(60,'CHENNAI','National Group Constructions','Aa – 9, 1st Floor, 2nd Avenue, Anna Nagar, Chennai-600040, India','INDIA','CO',75),(61,'CHENNAI','Alankar Foundation','No – 45, 22Nd, Old Nathamuni Street, T Nagar, Opp To Tanishque Jewellery, Chennai-600017, India','INDIA','CO',76),(62,'CHENNAI','Reddy Construction','18,Bhishap  Complex,Near Sagar Hotel,Velachery, Chennai-600004, India','INDIA','CO',77),(63,'CHENNAI','G K Builders& Developers','No 124,Radha Nagar,Near Seenmark School, Main Road, Chrompet, Chennai-600049, India','INDIA','NY',78),(64,'CHENNAI','Apaar Impex','61, 1st Floor, Montieth Road, Egmore, Egmore, Chennai-600008, India','INDIA','NY',79),(65,'MUMBAI','Aries Agro-Vet Industries Limited','Aries House, Plot No 24, Deonar,Mumbai 400 088, India','INDIA','NY',80),(66,'DELHI','Arihant AgroCorporation','81-84, Kady Ratan Tata MedicalCentre, M. Karve Road,Cooperage, Mumbai 400 021, India','INDIA','NY',81),(67,'MUMBAI','Aventis Pharma Ltd.India\r\n','54/A, Sir Mathuradas VasanjiRoad,Andheri (E),Mumbai, India','INDIA','NY',82),(68,'MUMBAI','Bharat Serum andVaccines Ltd.','Hoechst House, 16th Floor, NarimanPoint,','INDIA','NY',83),(69,'MUMBAI','Bayer India Ltd.','Bayer House, Central Avenue,Hiranandani Gardens,','INDIA','TX',84),(70,'MUMBAI','Ajanta Pharma Ltd.','98, Ajanta House, Charkop, Kandivili(W),','INDIA','TX',82),(71,'MUMBAI','Cipla Ltd.','Mumbai Central, Mumbai, India.','INDIA','TX',85),(72,'MUMBAI','Colgate-PalmoliveIndia Ltd.','Colgate Research Centre, MainStreet,','INDIA','TX',85),(73,'MUMBAI','Godrej Agrovet Ltd.','Pirojshanagar,Eastern ExpressHighway,','INDIA','TX',86),(74,'MUMBAI','GlaxoSmithKlinePharmaceuticals Ltd. (GSK India)','Dr. Annie Besant Road Worli,','INDIA','TX',86),(75,'DELHI','KCTC Global Logistics','546A, 3RD FLOOR, HANUMAN MANDIR ','INDIA','VA',87),(76,'DELHI','kisan electronics Co.,Ltd.','A-26/4, Ground Floor, Mohan Cooperative ','INDIA','VA',87),(77,'DELHI','Gils Consulting','Room 111-112, Vishal Tower, District','INDIA','VA',88),(78,'DELHI','Naru Logistics India','Centre, Janak Puri, New Delhi 110058, ','INDIA','VA',88),(79,'DELHI','Nainko Exim Pvt. Ltd','#3, 2nd Floor, B-7 L.S.C. Nelson Mandela Road, Vasant Kunj, New Delhi 110070, India','INDIA','VA',88),(80,'DELHI','Daewoo Power India','AB-12, F/F Community Centre, Safdarjung ','INDIA','WA',89),(81,'DELHI','Korean Air','10-A, Import Building-111, Cargo Complex, IGI Airport, New Delhi 110037, India','INDIA','WA',90),(82,'DELHI','Dong Kwang Trading ','C-4/41, G.F. Safdarjung Development Area, New Delhi 110016, India','INDIA','WA',91),(83,'PUNE','TCS ','Tata Research Development & Design Centre, 54/B, Hadapsar Industrial Estate, Hadapsar, Pune - 411013','INDIA','WA',92),(84,'HYDERABAD','Infosys','Plot No. 1, Rajiv Gandhi Infotech Park, Hinjawadi, Taluka Mulshi, Pune - 411057','INDIA','WY',93),(85,'PUNE','Tata Technologies','25, Pune Infotech Park, Hinjewadi, Pune - 411057','INDIA','WY',94),(86,'PUNE','KPIT Cummins Infosystem','Plot No 35/36, Rajiv Gandhi Infotech Park, Phase 1, MIDC, Hinjawadi, Pune - 411057','INDIA','WY',95),(87,'PUNE','Wipro','Plot No 2, MIDC Pune Infotech Park Hinjewadi Pune - 411057','INDIA','WY',96),(88,'PUNE','Tech Mahindra','Sharda Centre, Off Karve Road, Pune - 411004','INDIA','OR',97),(89,'PUNE','Capgemini','A-1, Technology Park, MIDC Talwade, Pune - 412114','INDIA','OR',98),(90,'HYDERABAD','Satyam Computer Services','Special Economic Zone - Unit DLF Akruti Info Parks Ltd. Plot No. 28, Block 3, Rajiv Gandhi Infotech Park Hinjawadi, Pune - 411057','INDIA','OR',99),(91,'HYDERABAD','3DPLM',' Plot No. 5, 6 & 8, Pune Infotech Park, M.I.D.C, Phase-I, Hinjwadi, Taluka Mulshi, Pune. India - 411057','INDIA','OR',100),(92,'HYDERABAD','Fluent India','Plot no 34/1, Rajiv Gandhi Infotech Park, MIDC, Hinjewadi, Pune. India - 411057','INDIA','OR',99);

/*Table structure for table `role` */

DROP TABLE IF EXISTS `role`;

CREATE TABLE `role` (
  `id` bigint(20) NOT NULL AUTO_INCREMENT,
  `name` varchar(255) NOT NULL,
  PRIMARY KEY (`id`)
) ENGINE=InnoDB AUTO_INCREMENT=3 DEFAULT CHARSET=latin1;

/*Data for the table `role` */

insert  into `role`(`id`,`name`) values (1,'admin'),(2,'super');

/*Table structure for table `user` */

DROP TABLE IF EXISTS `user`;

CREATE TABLE `user` (
  `id` bigint(20) NOT NULL AUTO_INCREMENT,
  `activation_key` varchar(255) DEFAULT NULL,
  `email` varchar(255) NOT NULL,
  `employee_no` varchar(255) DEFAULT NULL,
  `extension` varchar(255) DEFAULT NULL,
  `first_name` varchar(255) NOT NULL,
  `is_active` bit(1) DEFAULT b'0',
  `last_name` varchar(255) DEFAULT NULL,
  `mobile_no` varchar(255) DEFAULT NULL,
  `password` varchar(255) DEFAULT NULL,
  `telephone_no` varchar(255) DEFAULT NULL,
  `username` varchar(255) NOT NULL,
  `role_id` bigint(20) NOT NULL,
  PRIMARY KEY (`id`),
  UNIQUE KEY `UK_ob8kqyqqgmefl0aco34akdtpe` (`email`),
  UNIQUE KEY `UK_sb8bbouer5wak8vyiiy4pf2bx` (`username`),
  KEY `FKn82ha3ccdebhokx3a8fgdqeyy` (`role_id`),
  CONSTRAINT `FKn82ha3ccdebhokx3a8fgdqeyy` FOREIGN KEY (`role_id`) REFERENCES `role` (`id`)
) ENGINE=InnoDB AUTO_INCREMENT=8 DEFAULT CHARSET=latin1;

/*Data for the table `user` */

insert  into `user`(`id`,`activation_key`,`email`,`employee_no`,`extension`,`first_name`,`is_active`,`last_name`,`mobile_no`,`password`,`telephone_no`,`username`,`role_id`) values (1,NULL,'abc@yahoo.com','123456',NULL,'santosh','\0',NULL,NULL,NULL,NULL,'santosh',1),(2,NULL,'abc@gmail.com',NULL,NULL,'kk','\0',NULL,NULL,NULL,NULL,'lll',1),(6,NULL,'ac@gmail.com',NULL,NULL,'kk','\0',NULL,NULL,NULL,NULL,'pp',1),(7,NULL,'c@gmail.com',NULL,NULL,'kk','\0',NULL,NULL,NULL,NULL,'ooo',1);

/*Table structure for table `walking_details` */

DROP TABLE IF EXISTS `walking_details`;

CREATE TABLE `walking_details` (
  `id` bigint(20) NOT NULL AUTO_INCREMENT,
  `venu` varchar(255) DEFAULT NULL,
  `walkingdate` date DEFAULT NULL,
  `walking_time` time DEFAULT NULL,
  `walking_rep_time` time DEFAULT NULL,
  PRIMARY KEY (`id`)
) ENGINE=InnoDB AUTO_INCREMENT=102 DEFAULT CHARSET=latin1;

/*Data for the table `walking_details` */

insert  into `walking_details`(`id`,`venu`,`walkingdate`,`walking_time`,`walking_rep_time`) values (1,' IonIdea Pvt. Ltd, # 38-40, EPIP, Whitefield, Bangalore 560 066. Besides SAP LABS Landmark: KTPO Stop, Near Ginger Hotel ','2016-11-28','12:22:00','12:22:00'),(2,'3rd Main Road, Ashwini Layout, Ejipura','2016-11-23','14:24:00','12:22:00'),(3,'6th Floor, Gold Hill Square Software Park,, No. 690, Bommanahalli,, Hosur Rd, Garvebhavi Palya, Bengaluru, Karnataka 560068','2016-11-06','00:00:00','12:22:00'),(4,'45/4, Tumkur Road, Yeshwanthpur Metro Station, Opposite to More Hypermarket, Yeshwantpu','2016-11-09','23:41:58','12:22:00'),(5,'College Road, Vadkun,','2016-11-04','19:14:00','12:22:00'),(7,'Gauge House67, Hadapsar Industrial Estate','2016-11-09','23:41:58','12:22:00'),(8,'Peenya Industrial Area','2016-11-23','23:41:58','12:22:00'),(9,'Kanta Vikas Gruh Road','2016-11-09','23:41:58','12:22:00'),(10,'Kharabe Wadi, Gat No 254/255','2016-11-09','14:24:00','12:22:00'),(11,'Chakan -Talegaon Road\r','2016-11-09','14:24:00','12:22:00'),(12,'Bommasandra Industrial Estate','2016-11-23','14:24:00','12:22:00'),(13,'2816 Jammu Colony, St No 1','2016-11-23','14:24:00','12:22:00'),(14,'Vellalore Road,','2016-11-04','14:24:00','12:22:00'),(15,'No. 264/75, 36th Cross, 2nd Main,8th Block, Jayanagar','2016-11-09','19:14:00','12:22:00'),(16,'B-14, Ambattur Industrial Estate','2016-11-09','19:14:00','12:22:00'),(17,'GF 1, 6th Main, KSSIDC Building','2016-11-09','19:14:00','12:22:00'),(18,'Peenya Industrial Area','2016-11-09','19:14:00','12:22:00'),(19,'Whitefield','2016-11-02','19:14:00','12:22:00'),(20,'418, Industrial Area \'A\'\r','2016-11-12','19:14:00','12:22:00'),(21,'B - 1/976, Rajpura Road,','2016-11-13','19:14:00','12:22:00'),(22,'Plot No. C 16, M.I.D.C.','2016-11-21','19:14:00','12:22:00'),(23,'Opp. MTNL Office, L.B.S. Marg','2016-11-26','23:41:58','12:22:00'),(24,'201, Karma Stambh,','2016-11-14','23:41:58','12:22:00'),(25,'292, D D Marg,','2016-11-24','23:41:58','12:22:00'),(26,'Chhani Road','2016-11-26','23:41:58','12:22:00'),(27,'W 401-TTC Industrial Area,','2016-11-13','14:24:00','12:22:00'),(28,'MIDC, Rabale,','2016-11-13','14:24:00','12:22:00'),(29,'No.130/6B, Petechennappa Industrial Estate','2016-11-13','23:41:58','12:22:00'),(30,'Magadi Main Road','2016-11-13','14:24:00','12:22:00'),(31,'Kamakshipalya','2016-11-13','23:41:58','12:22:00'),(32,'P.O. Chachoki,','2016-10-18','19:14:00','12:22:00'),(33,'No. 120, Bommasandra Industrial Area,','2016-10-20','19:14:00','12:22:00'),(34,'Tata Motors Campus','2016-12-21','19:14:00','12:22:00'),(35,'D-105, First Main Road,','2014-06-09','19:14:00','12:22:00'),(36,'Annanagar East,','2016-11-23','19:14:00','12:22:00'),(37,'No. 1-C, Plot No. 467, 468 & 469','2016-10-19','19:14:00','12:22:00'),(38,'12th Cross, 4th Phase','2016-10-19','19:14:00','12:22:00'),(39,'B-8, KSSIDC, Indl Estate','2016-10-19','19:14:00','12:22:00'),(40,'Bommasandra','2016-10-19','19:14:00','12:22:00'),(41,'Shed-8, F-II Block,','2016-10-19','19:14:00','12:22:00'),(42,'Dhebarbhai Road (South),','2016-10-19','19:14:00','12:22:00'),(43,'69 / 70, Sipcot Industrial Complex','2016-10-06','19:14:00','12:22:00'),(44,'Whitefield Road','2016-10-06','19:14:00','12:22:00'),(45,'19/4, Molacha Odha','2016-10-06','19:14:00','12:22:00'),(46,'67, Hadapsar Industrial Estate','2016-10-06','19:14:00','12:22:00'),(47,'Plot No. 467 to 469, 4th Phase','2016-10-06','14:24:00','12:22:00'),(48,'472-A, 12th Cross','2016-10-06','14:24:00','12:22:00'),(49,'5th K.M. National Highway No.4,','2016-11-13','14:24:00','12:22:00'),(50,'8, Gaiwadi Industrial Estate','2016-11-13','14:24:00','12:22:00'),(55,'S.V. Road, Goregaon (W),','2016-11-13','14:24:00','12:22:00'),(56,'A-16, H-Block, MIDC','2016-11-13','14:24:00','12:22:00'),(57,'9B, I-Sector Industrial Area,','2015-11-04','10:22:00','10:30:00'),(58,'Plot No. 143 B, H-Sector Industrial Area,','2016-09-28','10:22:00','10:30:00'),(59,'Shed No. D/10, Sector-I, Industrial Area,','2014-07-17','10:22:00','10:30:00'),(60,'10/C, Sector-F, Industrial Area,','2014-07-16','10:22:00','10:30:00'),(61,'Plot No.23, Sector-F, Industrial Area,','2016-06-20','11:00:00','11:30:00'),(62,'LUN Shed No. 21, Sector-I, Industrial Area,','2016-01-02','11:00:00','11:30:00'),(63,'Plot No.3-4, Sector-B, Industrial Area,','2015-11-04','11:00:00','11:30:00'),(64,'Plot No.-150, Sector-New-H,\r\n','2015-11-04','11:00:00','11:30:00'),(65,'Industrial Area, Govindpura,','2015-11-04','09:30:00','10:00:00'),(66,'Plot No. 169, Sector-New-H,','2015-11-04','09:30:00','10:00:00'),(67,'Industrial Area, Govindpura,','2015-11-04','09:30:00','10:00:00'),(68,'No 1,M M Colony,IIIrd Main Road,Anna Nagar,','2016-09-28','09:30:00','10:00:00'),(69,'61, 1st Floor, Montieth Road, Egmore, Egmore','2016-09-28','09:30:00','10:00:00'),(70,'No 124,Radha Nagar,Near Seenmark Schoo','2016-09-28','15:30:00','16:00:00'),(71,'18,Bhishap  Complex,Near Sagar Hotel,Velachery','2016-09-28','15:30:00','16:00:00'),(72,'No – 45, 22Nd, Old Nathamuni Street, T Nagar, Opp To Tanishque Jewellery, Chennai-600017, India','2014-07-17','15:30:00','16:00:00'),(73,'No 3/5 Mukta Garden Tank Road ,Chetpet, Tank Road, Chennai-600017, India','2014-07-17','15:30:00','16:00:00'),(74,'18,Bhishap Complex,Near Sagar Hotel, Velachery, Chennai-600004, India','2014-07-17','18:00:00','18:30:00'),(75,'Plot No:A-36,Door No:37(New),Sbi Colony Extension 1st Street,Near Modern School,Nanganallur, Chennai-600061, India','2014-07-17','18:00:00','18:30:00'),(76,'Shop No 19, Rajarathinam Street, Kilpauk, Near Ega Theatre, Chennai-600010, India','2016-06-20','18:00:00','18:30:00'),(77,'56/42, Madurai Swamy Madan Street, Perambur, Chennai-600011, India','2016-06-20','18:00:00','18:30:00'),(78,'853, Poonamallee High Road, Kilpauk, Nr Brize Hotel, ','2016-06-20','18:00:00','18:30:00'),(79,'No 165, Velachery Main Road, Pallikkaranai, ','2016-06-20','13:40:00','14:30:00'),(80,'44, Mount Poonamalle High Road, Nandambakkam, ','2016-02-28','13:40:00','14:30:00'),(81,'9th Floor, High Gates No 82, Dgs Dinakaran Salai M R C ','2016-02-28','13:40:00','14:30:00'),(82,'27 Saravana Street T Nagar,G N Chetty Road, T Nagar','2016-02-28','13:40:00','14:30:00'),(83,'Aa – 9, 1st Floor, 2nd Avenue, Anna Nagar, Chennai-','2016-02-28','10:45:00','11:45:00'),(84,'Mth Road, Chennai-600053, India','2015-04-20','10:45:00','11:45:00'),(85,'Tpl House,Ground Floor,No 3,Cenotaph Road,Teynampet, ','2015-04-20','10:45:00','11:45:00'),(86,'113/57, Kutchery Road, Vinayaka Nagar, Mylapore, Next To United Bank Building, Chennai-600004, India','2015-04-20','10:45:00','11:45:00'),(87,'6,Dharmaraja Koil Street,Saidapet, Chennai-600015','2015-04-20','10:45:00','11:45:00'),(88,'6/30,Abdul Azeez St T-Nagar,Near Barkit Road, Chennai-600017, India','2015-04-20','12:00:00','12:30:00'),(89,'TC-1 Building, L&T Campus 22, Mount Poonamallee Road Manapakkam ','2016-10-19','12:00:00','12:30:00'),(90,'3H, Century Plaza, 560, Anna Salai, Thiru Vi Ka Kudiyiruppu,','2016-03-31','12:00:00','12:30:00'),(91,'th & 10th Floor, No-47,49, VBC Solitaire, Bazulla Rd, Parthasarathy Puram','2014-08-22','12:00:00','12:30:00'),(92,'O-24,N-53,Varun Apartments,2Nd Main Road,R A Puram, Chennai-600028, India','2014-08-22','12:00:00','12:30:00'),(93,'Bukharia Building No 4, Moores Street, Moores Street, Chennai, Tamil Nadu 600006, India','2014-08-22','11:55:55','12:55:55'),(94,'54/A, Sir Mathuradas VasanjiRoad,Andheri (E),Mumbai, India','2014-08-22','11:55:55','12:55:55'),(95,'81-84, Kady Ratan Tata MedicalCentre, M. Karve Road,Cooperage, Mumbai 400 021, India','2014-08-22','11:55:55','12:55:55'),(96,'Aries House, Plot No 24, Deonar,Mumbai 400 088, India','2016-10-19','11:55:55','12:55:55'),(97,'98, Ajanta House, Charkop, Kandivili(W),','2016-10-19','11:55:55','12:55:55'),(98,'Bayer House, Central Avenue,Hiranandani Gardens,','2016-10-19','14:35:00','15:35:00'),(99,'Hoechst House, 16th Floor, NarimanPoint,','2016-03-31','14:35:00','15:35:00'),(100,'Mumbai Central, Mumbai, India.','2016-03-31','14:35:00','15:35:00'),(101,NULL,'2016-03-31','14:35:00','15:35:00');

/*!40101 SET SQL_MODE=@OLD_SQL_MODE */;
/*!40014 SET FOREIGN_KEY_CHECKS=@OLD_FOREIGN_KEY_CHECKS */;
/*!40014 SET UNIQUE_CHECKS=@OLD_UNIQUE_CHECKS */;
/*!40111 SET SQL_NOTES=@OLD_SQL_NOTES */;
